,0,1
1080,0.93704796,0.062952
905,0.9448529,0.05514715
688,0.89135826,0.10864181
1128,0.8223666,0.17763343
39,0.08772593,0.91227406
329,0.33708122,0.66291875
173,0.08104544,0.9189546
855,0.38636735,0.6136327
257,0.21585888,0.78414106
1162,0.7757835,0.22421652
657,0.76717424,0.23282571
214,0.15591456,0.84408545
167,0.21017109,0.78982896
57,0.12995078,0.8700492
5,0.07802151,0.9219785
665,0.6390825,0.36091757
209,0.19867094,0.80132914
1127,0.92146844,0.07853154
642,0.93543875,0.06456125
1087,0.92990977,0.07009022
423,0.29942694,0.7005731
1282,0.87039983,0.12960014
233,0.26823595,0.7317641
728,0.9159964,0.084003605
303,0.14714856,0.8528515
468,0.8273345,0.17266549
334,0.04694421,0.95305574
798,0.70188326,0.2981167
155,0.13526855,0.8647315
368,0.37771124,0.62228876
864,0.93278515,0.06721484
973,0.8668932,0.13310687
793,0.97957134,0.020428706
369,0.24233009,0.7576699
770,0.85680765,0.14319237
941,0.8986112,0.101388834
636,0.8330167,0.16698328
102,0.11500608,0.884994
406,0.1522709,0.8477291
348,0.20835254,0.79164743
1133,0.90604925,0.09395072
587,0.8281244,0.17187558
379,0.36942708,0.63057286
444,0.54829615,0.45170385
747,0.86747867,0.13252138
1247,0.802949,0.19705105
769,0.83817005,0.16182995
682,0.88576233,0.11423763
929,0.84905094,0.15094909
501,0.87733966,0.12266034
904,0.92688465,0.07311539
1091,0.9133466,0.086653434
190,0.20804238,0.7919576
1039,0.8952866,0.10471341
439,0.41821504,0.58178496
1065,0.9193558,0.08064414
916,0.87166035,0.1283397
46,0.081571564,0.9184285
79,0.09747682,0.90252316
48,0.07538304,0.924617
1234,0.912872,0.08712799
861,0.9085895,0.09141045
81,0.08685718,0.9131428
230,0.1482571,0.8517429
841,0.7388612,0.26113883
55,0.3157623,0.6842377
1069,0.9112857,0.08871433
93,0.118620455,0.88137954
234,0.2735353,0.7264646
337,0.113954976,0.886045
130,0.14721404,0.85278594
428,0.15543868,0.84456134
563,0.8437113,0.15628868
397,0.15604447,0.8439555
853,0.52250755,0.47749248
464,0.88828236,0.111717634
719,0.90814173,0.09185821
985,0.9528638,0.04713616
954,0.92939204,0.07060792
40,0.110986136,0.8890139
900,0.89401215,0.10598781
284,0.15957515,0.84042484
388,0.1576084,0.8423916
359,0.35106272,0.6489372
1259,0.7196546,0.28034538
628,0.88578826,0.114211746
289,0.112769164,0.8872309
14,0.07650979,0.92349017
282,0.16698767,0.8330123
603,0.8465933,0.15340665
1097,0.9574399,0.042560056
899,0.93383104,0.06616891
996,0.93206805,0.06793192
805,0.48814902,0.51185095
764,0.8298708,0.17012924
937,0.82813036,0.17186967
186,0.13445188,0.86554813
56,0.24650379,0.7534962
521,0.91231555,0.087684534
75,0.063448586,0.93655145
571,0.8066897,0.19331034
160,0.034691453,0.9653085
710,0.878541,0.12145907
784,0.870987,0.12901297
162,0.06528612,0.93471384
479,0.88090926,0.11909077
945,0.86598,0.13402002
243,0.15635023,0.8436498
1303,0.95539707,0.04460294
1176,0.6908589,0.30914107
736,0.8567489,0.14325115
631,0.8428754,0.15712458
859,0.8414147,0.15858537
674,0.8510554,0.14894457
963,0.88095653,0.119043484
1220,0.9178149,0.08218504
1231,0.841202,0.15879802
219,0.13276656,0.86723346
640,0.9369884,0.0630116
644,0.91579,0.08421002
1242,0.9238914,0.07610857
776,0.8667351,0.13326488
6,0.084840074,0.9151599
994,0.9541367,0.045863237
632,0.88200665,0.11799334
1225,0.3648355,0.6351645
834,0.61426526,0.3857347
187,0.35813645,0.6418636
1151,0.17089602,0.829104
1157,0.1360451,0.8639549
1302,0.9004113,0.09958872
821,0.9569063,0.043093666
703,0.90676683,0.09323314
592,0.93084073,0.069159284
307,0.057639066,0.94236094
298,0.11738703,0.882613
89,0.14099056,0.85900944
442,0.27464563,0.7253544
1107,0.9282407,0.07175933
276,0.08961956,0.9103805
151,0.17328481,0.8267152
756,0.85700804,0.142992
957,0.8563239,0.14367606
732,0.9270398,0.072960176
903,0.94223374,0.057766292
1053,0.76838994,0.23161006
980,0.8848832,0.11511674
1011,0.8871783,0.11282172
267,0.14093162,0.85906833
708,0.78533036,0.21466963
981,0.7197048,0.2802952
339,0.08032668,0.9196733
45,0.07001544,0.92998457
898,0.96381795,0.036182076
1208,0.86785656,0.13214345
349,0.10790021,0.8920998
432,0.13632919,0.86367077
1154,0.890865,0.109134905
989,0.94257885,0.057421073
813,0.7670126,0.23298746
111,0.16225117,0.8377489
891,0.68417037,0.31582963
800,0.87006897,0.12993109
269,0.2526404,0.74735963
1057,0.8992894,0.10071059
645,0.81771344,0.18228662
1170,0.7028638,0.2971362
924,0.8982994,0.10170058
766,0.89549476,0.104505226
80,0.20095743,0.7990426
886,0.915319,0.08468097
395,0.27122802,0.728772
103,0.12593226,0.8740677
77,0.15736616,0.84263384
763,0.9061767,0.09382332
146,0.052340433,0.9476596
1174,0.7315975,0.2684025
881,0.78061074,0.21938926
1015,0.81765175,0.18234827
966,0.86910135,0.13089865
579,0.85201955,0.14798048
790,0.7939296,0.20607045
1075,0.9171844,0.08281556
1094,0.9224967,0.077503376
1202,0.8886087,0.111391306
1289,0.61863756,0.38136247
1122,0.71191823,0.2880818
513,0.87088215,0.12911785
1071,0.9286465,0.07135345
806,0.3428004,0.6571996
1144,0.88352716,0.11647281
1134,0.9187888,0.08121122
646,0.9272924,0.072707534
931,0.93348646,0.0665135
32,0.20230414,0.7976959
26,0.14901915,0.8509808
420,0.39531022,0.6046898
1291,0.8247498,0.17525014
322,0.18910733,0.8108927
1167,0.28556466,0.71443534
99,0.104511164,0.8954888
1165,0.15191536,0.8480846
311,0.114227235,0.88577276
1152,0.8770615,0.12293852
1192,0.9297269,0.07027313
701,0.82721126,0.17278874
124,0.08355911,0.9164409
641,0.9482728,0.051727235
496,0.8678462,0.13215385
86,0.098922014,0.901078
138,0.18698312,0.8130169
1235,0.39475483,0.60524523
1216,0.9179529,0.08204714
172,0.18124916,0.8187508
473,0.9319788,0.06802116
565,0.8747283,0.1252717
483,0.8320388,0.16796117
794,0.9336557,0.0663443
844,0.8880602,0.1119398
528,0.8295688,0.17043115
531,0.8590627,0.14093734
92,0.04517015,0.9548299
518,0.88398516,0.116014816
1244,0.9394206,0.06057934
446,0.58092046,0.41907954
1223,0.06861217,0.93138784
515,0.88047904,0.11952101
271,0.40762907,0.59237087
1173,0.43354452,0.56645554
795,0.9980876,0.0019123899
820,0.5670716,0.43292838
1121,0.91627324,0.08372672
669,0.87403256,0.12596744
600,0.80074984,0.19925013
210,0.15192208,0.84807795
1177,0.075509,0.92449105
325,0.11292651,0.8870735
1114,0.9207143,0.07928571
620,0.90489143,0.0951085
871,0.8576393,0.14236069
1029,0.9453563,0.054643657
247,0.09869205,0.90130794
856,0.89820236,0.101797685
404,0.104332864,0.89566714
47,0.075722635,0.9242773
1163,0.12350318,0.8764968
63,0.075643696,0.9243563
831,0.28632742,0.7136726
890,0.9548683,0.04513171
1045,0.82027966,0.17972034
1175,0.13264364,0.8673563
137,0.11406551,0.8859345
792,0.8626292,0.1373708
567,0.92028254,0.07971744
491,0.82767594,0.17232405
885,0.4662711,0.5337289
550,0.88610077,0.113899246
355,0.21346335,0.78653663
1007,0.9194054,0.08059461
872,0.8767084,0.1232916
573,0.84885025,0.15114978
1072,0.89424163,0.10575837
418,0.14376557,0.8562344
1092,0.89464456,0.10535544
467,0.84653693,0.15346308
1268,0.9261272,0.073872864
283,0.24647126,0.7535287
537,0.7860187,0.21398127
299,0.048741248,0.9512588
638,0.9121459,0.08785407
296,0.104906194,0.8950938
525,0.856741,0.14325905
629,0.8705388,0.12946126
1030,0.91147214,0.0885279
947,0.8349934,0.16500658
508,0.8450928,0.15490721
240,0.09468626,0.90531373
280,0.11699518,0.88300484
519,0.86511,0.13489008
1206,0.9004345,0.0995655
1237,0.38906077,0.6109392
622,0.89395434,0.10604565
1149,0.10182473,0.89817524
991,0.8162057,0.18379427
652,0.8718056,0.12819432
258,0.11327849,0.8867215
828,0.5369528,0.4630472
1025,0.6725894,0.32741052
182,0.32496074,0.6750393
952,0.86213934,0.13786066
1012,0.9320857,0.06791429
1200,0.91543883,0.0845612
796,0.6556681,0.34433198
725,0.8638487,0.13615139
85,0.043226846,0.95677316
520,0.9080173,0.09198274
583,0.81210697,0.187893
106,0.0557282,0.94427174
1212,0.9131781,0.08682197
440,0.8864917,0.11350828
408,0.33145177,0.6685482
1315,0.5647276,0.43527246
351,0.2311246,0.7688755
851,0.42294648,0.57705355
1239,0.8957796,0.104220405
532,0.87945557,0.12054446
936,0.969738,0.030261945
1292,0.92298144,0.07701862
295,0.05626143,0.9437386
1204,0.8942318,0.10576818
878,0.8545971,0.14540294
893,0.781357,0.21864305
664,0.89432687,0.10567312
502,0.8049837,0.19501632
149,0.039009374,0.9609906
497,0.8504517,0.14954834
1294,0.92413205,0.07586801
827,0.90518475,0.09481522
319,0.13396032,0.86603963
119,0.1426026,0.8573974
934,0.9329857,0.06701433
294,0.103344694,0.8966553
1274,0.90138,0.09861998
609,0.9231543,0.07684574
969,0.9580643,0.041935712
236,0.11484566,0.88515437
1125,0.8391844,0.16081564
52,0.16372745,0.83627254
613,0.9183592,0.08164084
264,0.27948368,0.72051626
17,0.19706598,0.802934
330,0.14591414,0.8540858
161,0.22275004,0.77725
1230,0.8611143,0.1388857
606,0.90352577,0.09647417
471,0.88553244,0.11446752
1307,0.4061154,0.5938846
729,0.87486845,0.12513152
69,0.034720656,0.9652794
986,0.9261505,0.07384951
965,0.88525397,0.11474608
660,0.8637411,0.13625892
1281,0.6157025,0.38429752
434,0.17596613,0.82403386
495,0.8836394,0.11636061
1184,0.9447019,0.05529807
12,0.10222077,0.8977793
1019,0.8538476,0.14615236
598,0.8976706,0.10232944
480,0.8075803,0.19241972
882,0.9401743,0.05982575
159,0.07644615,0.9235538
995,0.95435137,0.04564866
624,0.68414605,0.31585395
775,0.8854186,0.11458145
1240,0.91810614,0.08189385
13,0.0992725,0.90072757
327,0.064472176,0.93552786
112,0.12356783,0.8764321
500,0.79389644,0.20610361
581,0.8308046,0.1691954
1280,0.8824362,0.11756374
1201,0.16837941,0.83162063
639,0.9229216,0.077078395
260,0.26154062,0.7384594
304,0.12724777,0.8727522
363,0.29574224,0.7042577
429,0.574366,0.425634
1186,0.9591764,0.040823523
74,0.06654755,0.9334525
254,0.29520825,0.7047918
568,0.9039876,0.09601246
463,0.8865387,0.1134613
65,0.055156674,0.9448433
0,0.13216744,0.86783254
768,0.8508845,0.14911553
1185,0.73517597,0.264824
684,0.63967085,0.36032918
797,0.9492422,0.050757803
36,0.07284569,0.92715436
569,0.8954443,0.10455571
1158,0.8462719,0.15372811
651,0.8469381,0.15306197
576,0.85233295,0.14766702
1169,0.23387781,0.76612216
107,0.107893795,0.8921062
1032,0.9017403,0.09825964
1155,0.118580714,0.88141924
847,0.8093708,0.19062918
459,0.8371948,0.16280518
110,0.120219,0.879781
1195,0.21732098,0.782679
11,0.17890854,0.8210915
312,0.126934,0.87306595
135,0.096362166,0.9036378
415,0.15651324,0.8434867
738,0.6994036,0.30059642
802,0.94777495,0.052225113
1255,0.54808426,0.4519157
193,0.14516374,0.8548362
726,0.9083466,0.09165346
759,0.8893952,0.110604815
695,0.90414816,0.09585187
838,0.6926844,0.30731556
743,0.83618045,0.1638196
564,0.8212243,0.1787757
858,0.7799955,0.22000454
789,0.8463831,0.15361685
888,0.9412186,0.058781356
771,0.86612433,0.13387567
1130,0.9018842,0.09811582
1214,0.92446524,0.07553472
960,0.95895964,0.04104035
812,0.9413652,0.05863477
384,0.15657741,0.84342253
950,0.83382183,0.16617818
256,0.3319968,0.6680032
915,0.9503154,0.049684577
475,0.9206229,0.079377145
762,0.8772995,0.122700535
594,0.8872801,0.11271984
122,0.4646913,0.5353087
757,0.9337953,0.06620476
353,0.36352623,0.6364737
574,0.9231684,0.07683163
561,0.77671003,0.22329003
183,0.1641343,0.83586574
206,0.32812726,0.67187274
523,0.8275278,0.17247221
1046,0.81282157,0.18717843
1269,0.7606024,0.2393976
70,0.06368698,0.93631303
191,0.13890487,0.86109513
1102,0.6718589,0.32814106
914,0.8543352,0.14566477
604,0.759828,0.240172
266,0.122029856,0.87797016
530,0.8370404,0.16295958
610,0.9231311,0.076868884
335,0.4594481,0.54055184
972,0.8300339,0.16996612
930,0.8706157,0.12938431
238,0.12348325,0.87651676
91,0.05422155,0.9457785
1112,0.88193595,0.118064076
378,0.21754341,0.78245664
310,0.31281546,0.6871845
451,0.18586428,0.81413573
1040,0.8301856,0.1698144
683,0.8623578,0.13764223
324,0.25751173,0.7424882
153,0.048993845,0.95100623
333,0.08906433,0.91093564
649,0.9100063,0.089993715
1143,0.15051475,0.8494852
742,0.78548497,0.214515
912,0.9183015,0.081698485
1217,0.82913,0.17086999
659,0.87153554,0.12846445
412,0.26005518,0.7399448
582,0.9156867,0.08431326
577,0.8905097,0.109490305
499,0.8179737,0.18202633
1270,0.92753655,0.07246347
867,0.81045926,0.18954074
199,0.10396595,0.89603406
66,0.07414789,0.9258521
350,0.25364867,0.7463513
158,0.09251601,0.907484
700,0.9014143,0.09858578
1017,0.92432314,0.07567679
4,0.14418119,0.85581875
196,0.2268284,0.7731716
902,0.92353886,0.0764611
401,0.24182147,0.75817853
231,0.14991046,0.85008955
884,0.9236967,0.07630324
1002,0.905891,0.094109
558,0.811613,0.18838699
746,0.8781063,0.12189377
1117,0.9548405,0.04515949
786,0.89037395,0.10962604
288,0.24256773,0.7574323
817,0.9612027,0.03879736
486,0.90333295,0.096667066
278,0.07121565,0.92878443
272,0.3096759,0.69032407
666,0.92144424,0.07855578
488,0.8555692,0.14443083
663,0.8818339,0.11816615
478,0.8118804,0.18811965
1110,0.89652145,0.10347851
714,0.86630726,0.13369279
601,0.90283984,0.09716013
1161,0.12811698,0.87188303
189,0.24984458,0.75015545
584,0.662236,0.33776402
634,0.7675449,0.23245507
1003,0.925039,0.074961014
1023,0.88972485,0.110275134
974,0.85943216,0.14056781
154,0.034690995,0.965309
860,0.819746,0.18025397
618,0.9053355,0.09466453
1172,0.7625106,0.23748939
105,0.061610296,0.9383897
535,0.8830704,0.116929606
843,0.7411666,0.25883338
1221,0.41328654,0.5867135
200,0.17863503,0.821365
127,0.079110995,0.92088896
259,0.24486826,0.7551317
169,0.081214085,0.91878587
1283,0.8523224,0.1476776
913,0.91093457,0.089065395
1139,0.9493269,0.050673172
993,0.9140633,0.085936785
1254,0.8880009,0.111999065
410,0.13152581,0.8684742
1243,0.7304495,0.2695505
713,0.88242507,0.11757488
37,0.18440746,0.8155925
662,0.7735698,0.22643018
1224,0.9063291,0.093670905
453,0.17327808,0.8267219
1236,0.92062837,0.0793717
265,0.26735702,0.73264295
62,0.08989214,0.91010785
1271,0.959457,0.04054303
1041,0.8677448,0.13225523
536,0.8916556,0.1083444
421,0.46823293,0.531767
773,0.8371236,0.16287644
557,0.8616636,0.13833638
225,0.17031124,0.8296887
939,0.8499566,0.15004343
1156,0.66501886,0.33498117
926,0.86133325,0.13866678
1179,0.1736939,0.82630605
1150,0.88567144,0.11432851
1037,0.84347934,0.1565207
437,0.16335852,0.83664143
354,0.27888852,0.7211115
197,0.14162178,0.8583783
824,0.4697016,0.5302984
374,0.15526213,0.8447379
205,0.22908309,0.77091694
426,0.21336244,0.7866375
697,0.8972143,0.10278575
1008,0.8893548,0.110645175
706,0.85766137,0.14233865
1088,0.83733886,0.16266114
1066,0.9462523,0.0537477
921,0.8754398,0.1245602
1314,0.9136373,0.086362705
955,0.9164967,0.08350328
503,0.8268365,0.17316347
783,0.8331255,0.16687451
489,0.8446221,0.15537797
1131,0.8021611,0.1978389
970,0.9219972,0.078002825
297,0.1769849,0.82301515
514,0.8370834,0.1629166
115,0.23138979,0.76861024
49,0.1426812,0.85731876
778,0.8618256,0.13817437
997,0.956288,0.043711983
1105,0.8925335,0.10746652
938,0.93620634,0.063793644
125,0.071078375,0.9289216
1022,0.8189429,0.18105713
1124,0.8452778,0.15472223
691,0.86801463,0.1319854
1241,0.70048285,0.29951715
505,0.85641307,0.14358689
1084,0.9299419,0.07005807
253,0.18296096,0.8170391
409,0.25275648,0.7472435
906,0.7929599,0.2070401
704,0.88179857,0.11820143
170,0.05485439,0.94514567
1059,0.9208863,0.07911372
740,0.85936236,0.14063765
1078,0.75876206,0.24123788
407,0.32369682,0.6763032
667,0.8017152,0.19828483
275,0.07576134,0.9242386
1317,0.5867701,0.41322982
1060,0.71659595,0.28340405
22,0.2020678,0.79793215
305,0.05806849,0.9419315
848,0.6827864,0.31721357
540,0.85868204,0.14131798
982,0.90425205,0.0957479
918,0.8821299,0.11787007
575,0.8545536,0.14544645
308,0.17750672,0.82249326
826,0.51086897,0.4891311
605,0.8296789,0.17032105
522,0.8736162,0.12638374
123,0.14422251,0.85577744
181,0.25574657,0.7442534
180,0.08052515,0.91947484
648,0.8483349,0.15166506
527,0.88467234,0.115327656
381,0.20633376,0.79366624
689,0.91056645,0.089433566
232,0.20002782,0.7999722
215,0.22485192,0.77514803
1014,0.8615449,0.13845505
1312,0.9239946,0.07600539
447,0.32539394,0.6746061
263,0.141483,0.85851705
549,0.867744,0.13225596
590,0.89252627,0.10747376
462,0.9008812,0.09911883
1279,0.37600043,0.62399954
895,0.92412245,0.07587753
772,0.87954587,0.120454095
1295,0.91287994,0.08712005
1063,0.84006125,0.1599388
229,0.13079067,0.86920935
1079,0.92402524,0.07597476
869,0.916192,0.08380801
1111,0.846399,0.15360095
741,0.8366341,0.16336587
699,0.81753993,0.1824601
739,0.9090077,0.09099227
943,0.8903956,0.109604426
1262,0.9532563,0.046743628
390,0.52678174,0.47321826
863,0.920042,0.07995804
424,0.14685608,0.853144
749,0.8325024,0.16749762
1287,0.39620525,0.6037947
512,0.90189344,0.09810662
672,0.87818295,0.12181707
482,0.8369382,0.16306183
477,0.8619213,0.13807867
184,0.13231765,0.86768234
1273,0.2602867,0.7397133
923,0.9442607,0.055739317
50,0.12857912,0.8714209
897,0.94025457,0.05974544
959,0.89385754,0.10614251
626,0.860447,0.13955303
760,0.83226544,0.16773455
1278,0.9339732,0.06602681
71,0.031902377,0.9680977
1300,0.9317362,0.06826387
1049,0.8826949,0.11730514
120,0.17211084,0.82788914
487,0.7303023,0.2696978
25,0.10286301,0.89713705
578,0.89419913,0.10580091
78,0.06968381,0.9303162
177,0.14313067,0.85686934
316,0.064183556,0.9358164
1104,0.87821245,0.1217875
1077,0.8678611,0.13213891
887,0.95528775,0.044712245
360,0.30199873,0.69800127
1313,0.8417616,0.15823843
1118,0.8606945,0.13930549
1196,0.9551587,0.04484128
492,0.8506966,0.14930336
413,0.16142237,0.8385776
692,0.8529503,0.14704974
979,0.88496184,0.115038164
1090,0.91408527,0.085914694
925,0.7806436,0.21935637
16,0.21465619,0.78534377
602,0.8808199,0.1191801
139,0.042461105,0.95753896
321,0.12858684,0.8714131
365,0.17910226,0.82089776
804,0.6750372,0.32496282
1205,0.6254746,0.37452543
1222,0.92141783,0.078582175
907,0.92646164,0.073538385
145,0.088735625,0.9112644
1074,0.93832976,0.061670233
559,0.81274253,0.18725748
835,0.9196856,0.08031438
517,0.89556724,0.10443274
593,0.9085418,0.091458224
343,0.27011988,0.72988015
1146,0.8872151,0.11278497
498,0.8491147,0.15088528
1309,0.9703725,0.029627522
718,0.88474727,0.11525273
1203,0.6798263,0.32017368
1076,0.8823878,0.11761217
1265,0.20509912,0.7949009
591,0.87014747,0.12985252
942,0.75076014,0.24923985
807,0.5166312,0.4833688
971,0.9056121,0.09438792
596,0.693084,0.30691597
362,0.15235281,0.8476472
76,0.12471785,0.87528217
341,0.2379587,0.7620413
44,0.07653461,0.9234654
273,0.102036536,0.8979635
1168,0.6591237,0.3408763
696,0.8506327,0.14936733
721,0.9073668,0.09263317
922,0.84564084,0.15435918
1142,0.9083266,0.091673344
38,0.14282295,0.857177
35,0.09076326,0.9092367
1096,0.9167698,0.08323016
270,0.28001818,0.71998185
1,0.13728313,0.8627168
21,0.07617354,0.9238264
570,0.84523684,0.15476315
1193,0.07929599,0.920704
465,0.89377123,0.106228806
735,0.8285262,0.17147385
1035,0.8641481,0.13585187
611,0.9055351,0.094464935
391,0.20966384,0.79033613
1081,0.89820033,0.101799734
676,0.9393455,0.060654543
51,0.14110853,0.8588914
411,0.11447279,0.8855272
933,0.92626715,0.07373281
435,0.3084158,0.6915842
449,0.18825503,0.8117449
456,0.96121347,0.038786512
818,0.7984779,0.20152211
619,0.90156275,0.09843722
394,0.10869893,0.89130104
1132,0.91003156,0.08996841
389,0.19650625,0.80349374
8,0.078633964,0.921366
1126,0.50580984,0.4941902
1272,0.9502221,0.049777914
539,0.8642075,0.1357925
1024,0.9309222,0.06907781
599,0.9004533,0.099546626
175,0.101772204,0.8982278
534,0.86103714,0.1389629
617,0.9101263,0.08987367
82,0.18187797,0.8181221
317,0.1317059,0.86829406
877,0.8991975,0.10080253
1166,0.85055256,0.14944741
60,0.18474439,0.81525564
722,0.9001291,0.09987092
1010,0.91531545,0.08468453
328,0.05776742,0.94223255
953,0.96591073,0.034089297
1108,0.8843439,0.11565604
494,0.87151545,0.12848458
875,0.9374388,0.062561266
1229,0.17465036,0.8253497
216,0.20113415,0.7988659
1219,0.57693094,0.42306903
1034,0.94893295,0.05106708
15,0.09777354,0.9022265
248,0.2518649,0.74813503
157,0.045831416,0.95416856
810,0.7722296,0.22777039
1001,0.87129927,0.12870072
383,0.23981595,0.76018405
361,0.5946364,0.40536365
734,0.9091517,0.0908483
220,0.27445215,0.72554785
239,0.13001971,0.8699803
1005,0.89734566,0.10265435
192,0.22839227,0.7716077
1140,0.8679335,0.13206643
393,0.31383732,0.6861627
481,0.86558664,0.1344133
946,0.8844059,0.11559407
811,0.71815395,0.28184605
380,0.4131263,0.5868737
1213,0.12705222,0.87294775
767,0.88894296,0.11105709
457,0.8484307,0.1515693
1137,0.32800645,0.67199355
152,0.055439208,0.9445608
1190,0.9516976,0.04830237
516,0.87014747,0.12985252
24,0.18054146,0.81945854
42,0.07778098,0.922219
1249,0.80928,0.19071998
509,0.86354774,0.13645232
83,0.2514836,0.74851644
524,0.8686475,0.13135253
226,0.08347448,0.91652554
690,0.87253904,0.12746088
547,0.9004714,0.09952862
198,0.23935375,0.7606463
585,0.89609617,0.10390382
1264,0.9279132,0.072086774
967,0.92122847,0.07877156
252,0.22295576,0.7770443
1000,0.94586766,0.05413232
433,0.1320861,0.86791384
650,0.82829946,0.17170052
1085,0.88744986,0.112550184
90,0.0602433,0.93975663
485,0.90483046,0.095169544
755,0.8812109,0.11878906
526,0.855412,0.14458802
1290,0.9200414,0.07995865
31,0.1241868,0.8758132
101,0.12086576,0.8791343
681,0.8964276,0.10357243
837,0.96513236,0.03486763
1260,0.8563651,0.14363495
588,0.90470517,0.095294856
829,0.816682,0.18331802
627,0.87424725,0.12575276
751,0.84324026,0.15675971
572,0.95925593,0.040744044
163,0.06839621,0.93160385
1036,0.93889034,0.06110968
1093,0.94372934,0.0562707
504,0.83620775,0.16379227
262,0.27783722,0.7221628
643,0.93051016,0.06948984
894,0.8892925,0.110707484
951,0.9470854,0.05291467
454,0.8934292,0.10657074
1099,0.8841863,0.11581366
204,0.10715346,0.8928465
1050,0.91984564,0.08015428
909,0.93235564,0.06764434
1210,0.9335137,0.06648634
202,0.1988891,0.8011109
1182,0.9324305,0.067569554
555,0.91211116,0.08788878
179,0.1408676,0.85913235
876,0.91698056,0.08301943
911,0.69937384,0.3006262
73,0.0569013,0.94309866
655,0.86997306,0.13002697
668,0.9191596,0.08084042
1297,0.5954243,0.40457574
1033,0.9446569,0.05534313
178,0.18708964,0.8129103
705,0.8511113,0.14888869
948,0.8846483,0.11535162
1054,0.88386166,0.116138354
808,0.9589192,0.041080732
223,0.4741128,0.5258872
373,0.12798585,0.87201416
147,0.09977252,0.9002275
543,0.8846985,0.11530147
656,0.8871304,0.11286963
562,0.8108693,0.18913074
1021,0.79716706,0.20283292
88,0.113512926,0.88648707
832,0.5923828,0.40761727
533,0.589482,0.41051802
956,0.9005065,0.09949347
174,0.20256494,0.7974351
1180,0.9479548,0.052045234
1119,0.9249965,0.07500348
854,0.70685345,0.29314652
385,0.16316347,0.8368366
228,0.19191281,0.80808717
964,0.9733489,0.026651084
1306,0.9211582,0.07884183
999,0.75045663,0.24954337
788,0.7872254,0.21277457
1145,0.092813544,0.90718645
313,0.13549033,0.8645097
315,0.21682893,0.78317106
1251,0.76998395,0.23001604
842,0.8748474,0.12515259
552,0.8246146,0.17538545
371,0.21400793,0.7859921
425,0.102107026,0.89789295
484,0.84129786,0.15870214
1129,0.9191805,0.080819495
29,0.08061848,0.9193815
548,0.7856875,0.21431243
242,0.20231935,0.7976807
1258,0.95451164,0.04548837
218,0.13154602,0.868454
143,0.051575284,0.9484247
754,0.8720423,0.12795772
958,0.82253456,0.17746544
150,0.15996051,0.84003943
1310,0.9067577,0.09324222
1160,0.8275495,0.17245053
1286,0.94025624,0.05974378
1004,0.80882573,0.1911743
117,0.11348683,0.8865132
405,0.480871,0.51912904
387,0.15270944,0.8472906
850,0.86691594,0.13308401
1246,0.9141105,0.08588952
1062,0.96167356,0.038326472
100,0.112591326,0.8874086
30,0.1961946,0.8038054
823,0.90584075,0.09415926
765,0.9585898,0.041410178
984,0.87579,0.12421003
1207,0.8222269,0.17777312
833,0.947113,0.052886974
18,0.12670647,0.8732935
1187,0.6344009,0.36559907
724,0.8089684,0.19103156
366,0.27401757,0.7259824
1013,0.83554155,0.16445848
1228,0.9367255,0.06327448
809,0.28858384,0.7114161
246,0.425027,0.5749729
1245,0.46324503,0.536755
1311,0.835439,0.16456097
293,0.24071635,0.7592836
702,0.8639766,0.13602343
203,0.30398014,0.6960198
988,0.89398843,0.10601163
346,0.13950731,0.8604927
551,0.8640017,0.13599835
1073,0.9247351,0.075264886
1026,0.826224,0.17377599
892,0.9464042,0.053595804
777,0.9010269,0.09897317
1061,0.874498,0.125502
589,0.8624872,0.13751286
1070,0.8513492,0.14865085
108,0.08570307,0.91429687
372,0.17851122,0.8214888
976,0.8914504,0.1085496
1194,0.9694438,0.03055614
927,0.5978101,0.4021899
195,0.10541094,0.89458907
113,0.18970543,0.81029457
715,0.8847303,0.1152697
1308,0.93099874,0.06900123
400,0.2375679,0.7624321
217,0.20418836,0.7958117
320,0.26063514,0.73936486
1103,0.91896045,0.08103954
1248,0.90303177,0.09696824
678,0.89169073,0.108309306
1138,0.8250222,0.17497778
1305,0.95451975,0.04548028
323,0.12848707,0.8715129
1028,0.9256192,0.07438084
608,0.8371686,0.16283143
358,0.43451673,0.5654832
10,0.18677466,0.8132253
94,0.1048686,0.89513135
803,0.9143618,0.08563823
630,0.8534616,0.14653832
472,0.9339349,0.06606511
1135,0.6607403,0.33925965
566,0.9043418,0.09565821
874,0.8893646,0.1106354
1299,0.9599865,0.04001347
396,0.20471568,0.79528433
292,0.17732781,0.8226722
476,0.83671373,0.16328627
801,0.7006667,0.29933333
840,0.83982813,0.16017194
356,0.09773045,0.9022695
416,0.50071925,0.4992807
1116,0.9434157,0.05658432
67,0.086516045,0.9134839
1064,0.9650863,0.03491373
166,0.05960856,0.9403915
399,0.21177559,0.7882244
1018,0.927865,0.07213493
819,0.9227283,0.07727165
95,0.12933089,0.8706691
787,0.90131605,0.09868396
1189,0.62825537,0.3717446
597,0.8213765,0.17862356
1209,0.46248335,0.53751665
211,0.19987553,0.80012447
185,0.19595781,0.8040422
975,0.9351183,0.06488164
235,0.11904955,0.8809504
268,0.1061824,0.8938176
830,0.6179807,0.38201928
1293,0.8323601,0.16763996
1267,0.19773336,0.8022666
338,0.17823336,0.8217667
227,0.11405974,0.8859403
1238,0.89307946,0.10692057
529,0.8348401,0.16515984
96,0.043178223,0.9568218
845,0.6139999,0.38600007
1266,0.92201686,0.077983156
782,0.81256527,0.18743472
633,0.9134922,0.086507745
33,0.118681334,0.8813187
733,0.85323215,0.14676782
935,0.95333475,0.046665274
758,0.8987746,0.101225324
1006,0.90227437,0.09772566
737,0.8894746,0.11052545
1147,0.09152458,0.90847546
677,0.92288965,0.07711042
427,0.11759749,0.88240254
470,0.85416216,0.14583778
901,0.9587398,0.04126021
1047,0.9370828,0.06291717
331,0.059466507,0.9405335
553,0.8028346,0.19716546
1120,0.81786585,0.18213417
1276,0.90537256,0.09462742
224,0.23978531,0.7602147
370,0.14038335,0.8596167
614,0.9077686,0.09223141
723,0.9232859,0.07671416
670,0.86627215,0.13372782
1055,0.9070455,0.092954464
250,0.5378406,0.4621594
148,0.11684422,0.88315576
580,0.76419413,0.23580585
165,0.0628473,0.9371526
1181,0.94859856,0.051401466
1098,0.89890003,0.10109992
857,0.5268611,0.4731389
685,0.89863145,0.10136853
653,0.85252595,0.147474
679,0.8810393,0.11896073
116,0.05849708,0.94150287
109,0.05286728,0.94713277
727,0.88809085,0.111909084
560,0.83301073,0.16698925
376,0.10466569,0.8953343
556,0.82752675,0.17247324
1038,0.8682256,0.1317744
131,0.23529853,0.7647014
1171,0.07283951,0.9271605
1044,0.9310091,0.06899087
87,0.057503354,0.9424966
546,0.77199966,0.22800034
616,0.88942003,0.11057996
212,0.10374856,0.89625144
41,0.13962094,0.86037904
510,0.92112917,0.07887087
134,0.10456221,0.8954378
1198,0.93094873,0.06905124
910,0.9245782,0.075421795
1178,0.9286452,0.07135478
896,0.9042345,0.09576545
72,0.112053074,0.88794696
1301,0.7609794,0.2390206
1318,0.8882902,0.11170978
541,0.8263212,0.17367874
43,0.047920104,0.95207983
386,0.15238395,0.847616
1052,0.88589877,0.11410128
309,0.048015654,0.95198435
753,0.846248,0.15375204
188,0.36001763,0.6399824
1232,0.92555064,0.07444936
207,0.19421254,0.8057875
1256,0.9496215,0.050378498
686,0.26377314,0.73622686
1288,0.9177089,0.08229107
647,0.7389709,0.26102915
445,0.6024398,0.39756024
438,0.59897923,0.40102077
920,0.6135826,0.3864174
332,0.18988241,0.8101176
402,0.10278636,0.8972136
27,0.15043421,0.84956586
654,0.91248405,0.087516025
637,0.6887201,0.3112799
866,0.84898967,0.15101036
287,0.32091394,0.679086
1068,0.8461166,0.15388337
168,0.07949727,0.9205028
545,0.81358284,0.1864171
132,0.13380785,0.8661921
879,0.9042322,0.09576778
538,0.87027663,0.12972337
277,0.13792072,0.86207926
1016,0.92391056,0.07608943
68,0.0668473,0.93315274
104,0.25691634,0.74308366
1284,0.8981181,0.10188193
340,0.2705148,0.7294852
707,0.880939,0.119060986
693,0.8682427,0.13175729
961,0.8966679,0.10333212
752,0.8853534,0.11464665
868,0.7363261,0.26367393
987,0.8467451,0.15325487
23,0.10382554,0.8961745
222,0.21227445,0.78772557
1042,0.93129367,0.06870631
241,0.23372604,0.766274
126,0.08533676,0.91466326
208,0.11421319,0.8857868
992,0.9433031,0.05669689
658,0.8710671,0.1289329
53,0.109019436,0.8909806
156,0.08274025,0.9172597
281,0.20211183,0.7978882
944,0.8433131,0.15668695
1199,0.17170875,0.82829124
285,0.29719362,0.7028064
314,0.09785297,0.90214705
968,0.9165165,0.08348349
458,0.79295266,0.20704737
680,0.91648185,0.08351818
431,0.49704307,0.5029569
977,0.9362416,0.06375833
774,0.87304235,0.12695773
675,0.88412184,0.115878135
302,0.45505762,0.5449423
1226,0.89238125,0.10761876
58,0.18969259,0.81030744
1051,0.8683125,0.13168755
862,0.83985806,0.160142
1218,0.91090876,0.08909127
1261,0.20842242,0.7915776
779,0.91028166,0.08971837
377,0.15297142,0.84702855
816,0.71711624,0.2828838
1106,0.7183359,0.281664
761,0.8548375,0.14516251
291,0.081056274,0.9189437
846,0.9302708,0.069729164
1188,0.95000446,0.04999547
586,0.818228,0.18177195
455,0.94916874,0.050831217
430,0.5075744,0.49242556
274,0.13344403,0.866556
336,0.16507791,0.8349221
607,0.943887,0.056112982
716,0.8760869,0.123913154
364,0.10699101,0.893009
1164,0.8492683,0.15073167
213,0.1173519,0.8826481
450,0.39123765,0.6087624
1159,0.23172347,0.7682766
19,0.11532614,0.8846739
1148,0.89427394,0.10572606
870,0.70573986,0.29426014
419,0.6383703,0.3616297
1250,0.91398925,0.08601075
1020,0.8849675,0.11503246
1252,0.91491175,0.08508829
1089,0.9150888,0.08491119
883,0.79145837,0.2085416
635,0.8922855,0.107714474
414,0.22410569,0.77589434
694,0.9096509,0.09034902
460,0.77162766,0.22837238
176,0.26365834,0.7363417
7,0.10918172,0.8908183
731,0.9251957,0.07480429
1109,0.91400796,0.08599206
490,0.8422551,0.15774488
889,0.9346876,0.0653124
300,0.13594964,0.8640504
625,0.90755904,0.092440926
544,0.9041176,0.095882475
720,0.8677311,0.13226894
1227,0.18931125,0.81068873
443,0.33782616,0.66217387
84,0.1409599,0.8590401
1277,0.9542077,0.045792297
506,0.86148036,0.13851961
118,0.14314114,0.85685885
61,0.12578641,0.8742136
1275,0.2578611,0.74213886
978,0.8835786,0.11642137
687,0.7654662,0.23453379
221,0.29136258,0.7086375
661,0.7582821,0.24171785
919,0.9017997,0.098200396
461,0.87814385,0.12185612
1191,0.57708555,0.42291445
144,0.11963131,0.8803687
448,0.32679906,0.6732009
1048,0.8846589,0.11534107
129,0.17237839,0.82762164
64,0.08696522,0.91303474
114,0.19156249,0.8084375
244,0.11110574,0.88889426
245,0.30271018,0.69728976
452,0.25786498,0.742135
1009,0.8690096,0.13099043
367,0.22064856,0.7793514
799,0.723641,0.27635905
730,0.7745004,0.22549953
342,0.22709082,0.7729092
1304,0.898153,0.10184696
1298,0.91783005,0.08216997
128,0.11058357,0.88941646
507,0.8763436,0.12365642
20,0.16758983,0.8324102
983,0.5160972,0.48390275
345,0.12922736,0.8707727
940,0.89648926,0.10351067
136,0.13026208,0.86973786
3,0.09297881,0.90702116
717,0.85387546,0.1461246
1136,0.91230065,0.08769942
318,0.17046091,0.8295391
1183,0.6802798,0.3197202
1031,0.89474255,0.105257414
398,0.12277516,0.8772248
375,0.122559495,0.8774406
791,0.98752373,0.012476329
815,0.73402333,0.26597664
436,0.20001754,0.7999824
673,0.82127,0.17872998
962,0.9588228,0.041177265
306,0.11827501,0.88172495
1253,0.7048033,0.29519674
621,0.8348234,0.16517653
1067,0.91821337,0.08178664
1082,0.8873335,0.11266649
59,0.116901666,0.88309836
194,0.27516246,0.72483754
623,0.8814553,0.11854468
1233,0.756556,0.24344404
1141,0.22741657,0.7725834
1153,0.07100712,0.9289929
466,0.88634086,0.113659106
711,0.92981267,0.07018739
392,0.29417083,0.70582914
422,0.14805052,0.85194945
1095,0.83333486,0.16666514
261,0.1784588,0.82154125
671,0.8671609,0.13283908
1215,0.19591987,0.8040801
251,0.17087892,0.8291211
511,0.87462884,0.12537117
1197,0.21416289,0.78583705
474,0.9113348,0.08866518
595,0.915926,0.08407404
1123,0.8663992,0.13360079
822,0.58116156,0.41883847
998,0.8380643,0.16193564
34,0.08744352,0.91255647
928,0.8116885,0.18831156
352,0.23759162,0.7624084
780,0.8527957,0.14720428
171,0.33676994,0.66323006
880,0.9273209,0.07267913
1086,0.84650356,0.15349643
286,0.18855004,0.81144994
326,0.29633242,0.7036676
493,0.8617674,0.13823254
712,0.9020505,0.097949445
1100,0.92498595,0.075014
698,0.85128814,0.14871185
279,0.0991167,0.90088326
1211,0.3023458,0.6976542
403,0.16755067,0.8324494
1043,0.8179652,0.18203475
1263,0.24957222,0.7504278
1027,0.77259856,0.22740138
1296,0.9140593,0.08594075
849,0.42832968,0.5716703
142,0.029563623,0.97043633
1113,0.83373517,0.16626486
615,0.8749515,0.12504852
814,0.8152544,0.1847456
612,0.778308,0.22169203
357,0.26028594,0.739714
28,0.22351566,0.7764843
133,0.25578383,0.74421614
750,0.83187664,0.1681234
908,0.934483,0.065517016
2,0.066690624,0.9333094
949,0.960112,0.03988796
441,0.14342381,0.85657614
237,0.23198754,0.76801246
344,0.070440546,0.9295595
836,0.5085797,0.49142033
554,0.8581527,0.14184737
140,0.12609532,0.8739047
990,0.8969181,0.10308188
932,0.9221643,0.07783567
469,0.91643,0.08357002
744,0.9018848,0.0981152
852,0.90614504,0.09385491
865,0.83488,0.16511998
201,0.15256113,0.84743893
1101,0.9268542,0.07314576
1257,0.70274067,0.2972594
1115,0.88383466,0.11616535
417,0.19506574,0.80493426
301,0.31075418,0.6892458
1083,0.9024163,0.09758375
164,0.083413206,0.9165868
9,0.14184403,0.8581559
745,0.8624619,0.13753805
917,0.93889433,0.061105624
382,0.20512526,0.7948747
839,0.5892146,0.41078538
249,0.38577974,0.61422026
748,0.85965014,0.14034982
290,0.20542918,0.7945708
141,0.048636995,0.95136297
825,0.90478265,0.09521735
121,0.12666515,0.8733348
542,0.8545528,0.14544722
785,0.91567314,0.0843268
1316,0.9330188,0.06698121
98,0.15720701,0.8427929
347,0.17698032,0.8230196
873,0.91169965,0.08830031
1056,0.9174452,0.082554795
97,0.13021636,0.8697836
54,0.49016514,0.5098348
1285,0.6472072,0.35279274
255,0.2586203,0.74137974
709,0.8348406,0.16515937
781,0.76023,0.23977
1058,0.96021664,0.03978341
